Bird ID,Site,Course,Date,Encounter,# shots
220111,TTRS,Tripsacum,2/7/2022,Pointed & Shot,1
211124,TTRS,Tripsacum,2/7/2022,"Birds held, hunters passed by",0
217211,TTRS,Tripsacum,2/7/2022,"Birds held, hunters passed by",0
211125,TTRS,Tripsacum,2/7/2022,"Birds held, hunters passed by",0
211124,TTRS,Tripsacum,2/7/2022,Not Pointed & Flushed Wild,0
217211,TTRS,Tripsacum,2/7/2022,Not Pointed & Flushed Wild,0
211125,TTRS,Tripsacum,2/7/2022,Not Pointed & Flushed Wild,0
211104,TTRS,Tripsacum,2/7/2022,Pointed & Flushed Wild,0
211127,TTRS,Tripsacum,2/7/2022,Pointed & Flushed Wild,0
211106,TTRS,Tripsacum,2/7/2022,Pointed & Flushed Wild,0
211124,TTRS,Tripsacum,2/7/2022,Pointed & Flushed Wild,0
217211,TTRS,Tripsacum,2/7/2022,Pointed & Flushed Wild,0
211125,TTRS,Tripsacum,2/7/2022,Pointed & Flushed Wild,0
220074,TTRS,Tripsacum,2/7/2022,Dogs pointed & birds ran,0
211153,TTRS,Tripsacum,2/7/2022,Dogs pointed & birds ran,0
220071,TTRS,Tripsacum,2/7/2022,Dogs pointed & birds ran,0
211130,TTRS,Tripsacum,2/7/2022,Dogs pointed & birds ran,0
220067,TTRS,Tripsacum,2/7/2022,Not Encountered,0
220064,TTRS,Tripsacum,2/7/2022,Not Encountered,0
217159,TTRS,Tripsacum,2/7/2022,Not Encountered,0
211116,TTRS,Tripsacum,2/7/2022,Not Encountered,0
211114,TTRS,Tripsacum,2/7/2022,Not Encountered,0
212149,TTRS,Tripsacum,2/7/2022,"Birds held, hunters passed by",0
220011,TTRS,Tripsacum,2/7/2022,"Birds held, hunters passed by",0
220009,TTRS,Tripsacum,2/7/2022,"Birds held, hunters passed by",0
211148,TTRS,Tripsacum,2/7/2022,"Birds held, hunters passed by",0
201108,TTRS,Tripsacum,2/7/2022,"Birds held, hunters passed by",0
212145,TTRS,Tripsacum,2/7/2022,"Birds held, hunters passed by",0
220007,TTRS,Tripsacum,2/7/2022,"Birds held, hunters passed by",0
220005,TTRS,Tripsacum,2/7/2022,Pointed & Shot,1
211142,TTRS,Tripsacum,2/7/2022,Pointed & Shot,1
211143,TTRS,Tripsacum,2/7/2022,Pointed & Shot,1
220103,TTRS,Tripsacum,2/7/2022,Pointed & Shot,3
220105,TTRS,Tripsacum,2/7/2022,Pointed & Shot,3
220415,TTRS,Cypress,2/9/2022,Not Encountered,0
220422,TTRS,Cypress,2/9/2022,Not Encountered,0
220423,TTRS,Cypress,2/9/2022,Not Encountered,0
211421,TTRS,Cypress,2/9/2022,Not Encountered,0
191663,TTRS,Cypress,2/9/2022,Not Encountered,0
220421,TTRS,Cypress,2/9/2022,Not Encountered,0
220414,TTRS,Cypress,2/9/2022,Not Encountered,0
211430,TTRS,Cypress,2/9/2022,"Birds held, hunters passed by",0
220449,TTRS,Cypress,2/9/2022,"Birds held, hunters passed by",0
211436,TTRS,Cypress,2/9/2022,"Birds held, hunters passed by",0
202095,TTRS,Cypress,2/9/2022,"Birds held, hunters passed by",0
211437,TTRS,Cypress,2/9/2022,"Birds held, hunters passed by",0
211627,TTRS,Cypress,2/9/2022,Not Encountered,0
211628,TTRS,Cypress,2/9/2022,Not Encountered,0
211629,TTRS,Cypress,2/9/2022,Not Encountered,0
211631,TTRS,Cypress,2/9/2022,Not Encountered,0
211606,TTRS,Cypress,2/9/2022,Not Pointed & Flushed Wild,0
211607,TTRS,Cypress,2/9/2022,Not Pointed & Flushed Wild,0
211608,TTRS,Cypress,2/9/2022,Not Pointed & Flushed Wild,0
211609,TTRS,Cypress,2/9/2022,Not Pointed & Flushed Wild,0
211610,TTRS,Cypress,2/9/2022,Not Pointed & Flushed Wild,0
211614,TTRS,Cypress,2/9/2022,Not Pointed & Flushed Wild,0
220450,TTRS,Cypress,2/9/2022,Not Pointed & Flushed Wild,0
220698,TTRS,Cypress,2/9/2022,Not Encountered,0
220629,TTRS,Cypress,2/9/2022,Not Encountered,0
220632,TTRS,Cypress,2/9/2022,Not Encountered,0
220030,TTRS,Beadel,2/10/2022,Pointed & Shot,2
220033,TTRS,Beadel,2/10/2022,Pointed & Shot,2
217124,TTRS,Beadel,2/10/2022,Pointed & Shot,2
220030,TTRS,Beadel,2/10/2022,Dogs pointed & birds ran,0
217124,TTRS,Beadel,2/10/2022,Dogs pointed & birds ran,0
220013,TTRS,Beadel,2/10/2022,Dogs pointed & birds ran,0
212191,TTRS,Beadel,2/10/2022,Dogs pointed & birds ran,0
212192,TTRS,Beadel,2/10/2022,Dogs pointed & birds ran,0
212193,TTRS,Beadel,2/10/2022,Dogs pointed & birds ran,0
220018,TTRS,Beadel,2/10/2022,Dogs pointed & birds ran,0
211117,TTRS,Beadel,2/10/2022,Dogs pointed & birds ran,0
201037,TTRS,Beadel,2/10/2022,Dogs pointed & birds ran,0
212190,TTRS,Beadel,2/10/2022,Dogs pointed & birds ran,0
220038,TTRS,Beadel,2/10/2022,Not Encountered,0
220041,TTRS,Beadel,2/10/2022,Not Encountered,0
220040,TTRS,Beadel,2/10/2022,Not Encountered,0
200044,TTRS,Beadel,2/10/2022,"Birds held, hunters passed by",0
212164,TTRS,Beadel,2/10/2022,"Birds held, hunters passed by",0
210030,TTRS,Beadel,2/10/2022,"Birds held, hunters passed by",0
211114,TTRS,Beadel,2/10/2022,"Birds held, hunters passed by",0
191122,TTRS,Beadel,2/10/2022,Pointed & Shot,2
211108,TTRS,Beadel,2/10/2022,Pointed & Shot,2
211107,TTRS,Beadel,2/10/2022,Pointed & Shot,2
210017,TTRS,Beadel,2/10/2022,Pointed & Shot,2
211109,TTRS,Beadel,2/10/2022,Pointed & Shot,2
211121,TTRS,Beadel,2/10/2022,Pointed & Shot,2
211119,TTRS,Beadel,2/10/2022,Pointed & Shot,2
220508,TTRS,Buttler,2/10/2022,"Birds held, hunters passed by",0
220503,TTRS,Buttler,2/10/2022,"Birds held, hunters passed by",0
191433,TTRS,Buttler,2/10/2022,"Birds held, hunters passed by",0
220418,TTRS,Buttler,2/10/2022,"Birds held, hunters passed by",0
220417,TTRS,Buttler,2/10/2022,"Birds held, hunters passed by",0
211417,TTRS,Buttler,2/10/2022,Pointed & Shot,4
212157,TTRS,Buttler,2/10/2022,Pointed & Shot,4
212007,TTRS,Buttler,2/10/2022,"Birds held, hunters passed by",0
212022,TTRS,Buttler,2/10/2022,"Birds held, hunters passed by",0
211407,TTRS,Buttler,2/10/2022,Not Encountered,0
211429,TTRS,Buttler,2/10/2022,Not Encountered,0
212019,TTRS,Buttler,2/10/2022,Not Encountered,0
211413,TTRS,Buttler,2/10/2022,"Birds held, hunters passed by",0
201444,TTRS,Buttler,2/10/2022,"Birds held, hunters passed by",0
211408,TTRS,Buttler,2/10/2022,"Birds held, hunters passed by",0
212061,TTRS,Buttler,2/10/2022,"Birds held, hunters passed by",0
211410,TTRS,Buttler,2/10/2022,"Birds held, hunters passed by",0
212063,TTRS,Buttler,2/10/2022,"Birds held, hunters passed by",0
211409,TTRS,Buttler,2/10/2022,"Birds held, hunters passed by",0
220412,TTRS,Buttler,2/10/2022,"Birds held, hunters passed by",0
211227,TTRS,Woodyard,2/11/2022,Pointed & Flushed Wild,0
211228,TTRS,Woodyard,2/11/2022,Pointed & Flushed Wild,0
211229,TTRS,Woodyard,2/11/2022,Pointed & Flushed Wild,0
211230,TTRS,Woodyard,2/11/2022,Pointed & Flushed Wild,0
217298,TTRS,Woodyard,2/11/2022,Pointed & Flushed Wild,0
201246,TTRS,Woodyard,2/11/2022,Pointed & Shot,2
200263,TTRS,Woodyard,2/11/2022,Not Encountered,0
211236,TTRS,Woodyard,2/11/2022,Not Encountered,0
201308,TTRS,Woodyard,2/11/2022,Not Encountered,0
211223,TTRS,Woodyard,2/11/2022,Not Encountered,0
211217,TTRS,Woodyard,2/11/2022,Not Encountered,0
217257,TTRS,Woodyard,2/11/2022,Not Encountered,0
211221,TTRS,Woodyard,2/11/2022,Not Encountered,0
211224,TTRS,Woodyard,2/11/2022,Not Encountered,0
220238,TTRS,Woodyard,2/11/2022,Pointed & Shot,1
220239,TTRS,Woodyard,2/11/2022,Pointed & Shot,1
220240,TTRS,Woodyard,2/11/2022,Pointed & Shot,1
191012,TTRS,Woodyard,2/11/2022,"Birds held, hunters passed by",0
201010,TTRS,Woodyard,2/11/2022,"Birds held, hunters passed by",0
220222,TTRS,Anders Flat,2/11/2022,"Birds held, hunters passed by",0
217497,TTRS,Anders Flat,2/11/2022,"Birds held, hunters passed by",0
220223,TTRS,Anders Flat,2/11/2022,"Birds held, hunters passed by",0
220218,TTRS,Anders Flat,2/11/2022,Pointed & Shot,3
220219,TTRS,Anders Flat,2/11/2022,Pointed & Shot,3
220220,TTRS,Anders Flat,2/11/2022,Pointed & Shot,3
217181,TTRS,Anders Flat,2/11/2022,Pointed & Shot,3
220233,TTRS,Anders Flat,2/11/2022,Pointed & Shot,3
220234,TTRS,Anders Flat,2/11/2022,Pointed & Shot,3
211207,TTRS,Anders Flat,2/11/2022,Pointed & Shot,3
220218,TTRS,Anders Flat,2/11/2022,Pointed & Shot,2
220219,TTRS,Anders Flat,2/11/2022,Pointed & Shot,2
220220,TTRS,Anders Flat,2/11/2022,Pointed & Shot,2
217181,TTRS,Anders Flat,2/11/2022,Pointed & Shot,2
220233,TTRS,Anders Flat,2/11/2022,Pointed & Shot,2
220234,TTRS,Anders Flat,2/11/2022,Pointed & Shot,2
211207,TTRS,Anders Flat,2/11/2022,Pointed & Shot,2
220250,TTRS,Anders Flat,2/11/2022,Pointed & Shot,2
220251,TTRS,Anders Flat,2/11/2022,Pointed & Shot,2
220252,TTRS,Anders Flat,2/11/2022,Pointed & Shot,2
220253,TTRS,Anders Flat,2/11/2022,Pointed & Shot,2
220257,TTRS,Anders Flat,2/11/2022,Pointed & Shot,2
220258,TTRS,Anders Flat,2/11/2022,Pointed & Shot,2
220259,TTRS,Anders Flat,2/11/2022,Pointed & Shot,2
220260,TTRS,Anders Flat,2/11/2022,Pointed & Shot,2
212119,TTRS,Cypress,2/16/2022,Not Encountered,0
220415,TTRS,Cypress,2/16/2022,"Birds held, hunters passed by",0
220422,TTRS,Cypress,2/16/2022,"Birds held, hunters passed by",0
211421,TTRS,Cypress,2/16/2022,"Birds held, hunters passed by",0
220421,TTRS,Cypress,2/16/2022,"Birds held, hunters passed by",0
220414,TTRS,Cypress,2/16/2022,"Birds held, hunters passed by",0
191663,TTRS,Cypress,2/16/2022,"Birds held, hunters passed by",0
220415,TTRS,Cypress,2/16/2022,Pointed & Shot,4
220422,TTRS,Cypress,2/16/2022,Pointed & Shot,4
211421,TTRS,Cypress,2/16/2022,Pointed & Shot,4
220421,TTRS,Cypress,2/16/2022,Pointed & Shot,4
220414,TTRS,Cypress,2/16/2022,Pointed & Shot,4
191663,TTRS,Cypress,2/16/2022,Pointed & Shot,4
211607,TTRS,Cypress,2/16/2022,Not Pointed & Flushed Wild,0
211608,TTRS,Cypress,2/16/2022,Not Pointed & Flushed Wild,0
211609,TTRS,Cypress,2/16/2022,Not Pointed & Flushed Wild,0
211610,TTRS,Cypress,2/16/2022,Not Pointed & Flushed Wild,0
211614,TTRS,Cypress,2/16/2022,Not Pointed & Flushed Wild,0
220450,TTRS,Cypress,2/16/2022,Not Pointed & Flushed Wild,0
220698,TTRS,Cypress,2/16/2022,Pointed & Shot,3
220698,TTRS,Cypress,2/16/2022,"Birds held, hunters passed by",0
220629,TTRS,Cypress,2/16/2022,Pointed & Shot,3
220632,TTRS,Cypress,2/16/2022,Pointed & Shot,3
217124,TTRS,Beadel,2/18/2022,"Birds ran, hunters passed by",0
220030,TTRS,Beadel,2/18/2022,"Birds ran, hunters passed by",0
217124,TTRS,Beadel,2/18/2022,"Birds held, hunters passed by",0
220030,TTRS,Beadel,2/18/2022,"Birds held, hunters passed by",0
201037,TTRS,Beadel,2/18/2022,"Birds ran, hunters passed by",0
220013,TTRS,Beadel,2/18/2022,"Birds ran, hunters passed by",0
212191,TTRS,Beadel,2/18/2022,"Birds ran, hunters passed by",0
212192,TTRS,Beadel,2/18/2022,"Birds ran, hunters passed by",0
212193,TTRS,Beadel,2/18/2022,"Birds ran, hunters passed by",0
212190,TTRS,Beadel,2/18/2022,"Birds ran, hunters passed by",0
220018,TTRS,Beadel,2/18/2022,"Birds ran, hunters passed by",0
211117,TTRS,Beadel,2/18/2022,"Birds ran, hunters passed by",0
220040,TTRS,Beadel,2/18/2022,Not Encountered,0
220038,TTRS,Beadel,2/18/2022,Not Encountered,0
220041,TTRS,Beadel,2/18/2022,Not Encountered,0
210030,TTRS,Beadel,2/18/2022,"Birds held, hunters passed by",0
220095,TTRS,Beadel,2/18/2022,"Birds held, hunters passed by",0
200044,TTRS,Beadel,2/18/2022,"Birds held, hunters passed by",0
212164,TTRS,Beadel,2/18/2022,"Birds held, hunters passed by",0
210030,TTRS,Beadel,2/18/2022,"Birds held, hunters passed by",0
220095,TTRS,Beadel,2/18/2022,"Birds held, hunters passed by",0
200044,TTRS,Beadel,2/18/2022,"Birds held, hunters passed by",0
212164,TTRS,Beadel,2/18/2022,"Birds held, hunters passed by",0
211109,TTRS,Beadel,2/18/2022,Not Pointed & Flushed Wild,0
210017,TTRS,Beadel,2/18/2022,Not Pointed & Flushed Wild,0
191122,TTRS,Beadel,2/18/2022,Not Pointed & Flushed Wild,0
211108,TTRS,Beadel,2/18/2022,Not Pointed & Flushed Wild,0
211107,TTRS,Beadel,2/18/2022,Not Pointed & Flushed Wild,0
211121,TTRS,Beadel,2/18/2022,Not Encountered,0
211119,TTRS,Beadel,2/18/2022,Not Encountered,0
212002,TTRS,Buttler,2/18/2022,Pointed & Shot,4
212007,TTRS,Buttler,2/18/2022,Pointed & Shot,4
211407,TTRS,Buttler,2/18/2022,Pointed & Shot,3
211429,TTRS,Buttler,2/18/2022,Pointed & Shot,3
211407,TTRS,Buttler,2/18/2022,"Birds held, hunters passed by",0
220608,TTRS,Buttler,2/18/2022,Pointed & Shot,4
220609,TTRS,Buttler,2/18/2022,Pointed & Shot,4
220611,TTRS,Buttler,2/18/2022,Pointed & Shot,4
220614,TTRS,Buttler,2/18/2022,Pointed & Shot,4
220489,TTRS,Buttler,2/18/2022,Pointed & Shot,4
220490,TTRS,Buttler,2/18/2022,Pointed & Shot,4
220424,TTRS,Buttler,2/18/2022,Pointed & Shot,4
220487,TTRS,Buttler,2/18/2022,Pointed & Shot,4
220510,TTRS,Buttler,2/18/2022,Pointed & Shot,2
211406,TTRS,Buttler,2/18/2022,Pointed & Shot,2
211409,TTRS,Buttler,2/18/2022,Pointed & Shot,2
171453,TTRS,Buttler,2/18/2022,Pointed & Shot,2
211417,TTRS,Buttler,2/18/2022,Pointed & Shot,3
212157,TTRS,Buttler,2/18/2022,Pointed & Shot,3
212007,TTRS,Buttler,2/18/2022,Pointed & Shot,3
212002,TTRS,Buttler,2/18/2022,Pointed & Shot,3
211429,TTRS,Buttler,2/18/2022,Pointed & Shot,3
212019,TTRS,Buttler,2/18/2022,Pointed & Shot,3
211407,TTRS,Buttler,2/18/2022,Pointed & Shot,3
220111,TTRS,Tripsacum,2/19/2022,Pointed & Shot,3
211127,TTRS,Tripsacum,2/19/2022,Not Pointed & Flushed Wild,0
211106,TTRS,Tripsacum,2/19/2022,Not Pointed & Flushed Wild,0
211104,TTRS,Tripsacum,2/19/2022,Not Pointed & Flushed Wild,0
211124,TTRS,Tripsacum,2/19/2022,Not Pointed & Flushed Wild,0
217211,TTRS,Tripsacum,2/19/2022,Not Pointed & Flushed Wild,0
211125,TTRS,Tripsacum,2/19/2022,Not Pointed & Flushed Wild,0
220074,TTRS,Tripsacum,2/19/2022,Pointed & Shot,4
211153,TTRS,Tripsacum,2/19/2022,Pointed & Shot,4
220071,TTRS,Tripsacum,2/19/2022,Pointed & Shot,4
211130,TTRS,Tripsacum,2/19/2022,Pointed & Shot,4
220074,TTRS,Tripsacum,2/19/2022,"Birds held, hunters passed by",0
220067,TTRS,Tripsacum,2/19/2022,"Birds held, hunters passed by",0
220064,TTRS,Tripsacum,2/19/2022,Pointed & Shot,2
220009,TTRS,Tripsacum,2/19/2022,Pointed & Shot,3
211148,TTRS,Tripsacum,2/19/2022,"Birds held, hunters passed by",0
212145,TTRS,Tripsacum,2/19/2022,Pointed & Shot,3
212145,TTRS,Tripsacum,2/19/2022,"Birds held, hunters passed by",0
212149,TTRS,Tripsacum,2/19/2022,Not Encountered,0
201108,TTRS,Tripsacum,2/19/2022,Not Encountered,0
220007,TTRS,Tripsacum,2/19/2022,Not Encountered,0
220005,TTRS,Tripsacum,2/19/2022,Pointed & Shot,3
211142,TTRS,Tripsacum,2/19/2022,Pointed & Shot,3
211143,TTRS,Tripsacum,2/19/2022,Pointed & Shot,3
220103,TTRS,Tripsacum,2/19/2022,"Birds held, hunters passed by",0
220105,TTRS,Tripsacum,2/19/2022,"Birds held, hunters passed by",0
211228,TTRS,Woodyard,2/23/2023,Dogs pointed & birds ran,0
211230,TTRS,Woodyard,2/23/2023,Dogs pointed & birds ran,0
217298,TTRS,Woodyard,2/23/2023,Dogs pointed & birds ran,0
211227,TTRS,Woodyard,2/23/2023,Dogs pointed & birds ran,0
211228,TTRS,Woodyard,2/23/2023,Pointed & Shot,1
211230,TTRS,Woodyard,2/23/2023,Pointed & Shot,1
217298,TTRS,Woodyard,2/23/2023,Pointed & Shot,1
211227,TTRS,Woodyard,2/23/2023,Pointed & Shot,1
201246,TTRS,Woodyard,2/23/2023,Not Encountered,0
220251,TTRS,Woodyard,2/23/2023,"Birds held, hunters passed by",0
220252,TTRS,Woodyard,2/23/2023,"Birds held, hunters passed by",0
220253,TTRS,Woodyard,2/23/2023,"Birds held, hunters passed by",0
220250,TTRS,Woodyard,2/23/2023,"Birds held, hunters passed by",0
220258,TTRS,Woodyard,2/23/2023,"Birds held, hunters passed by",0
220259,TTRS,Woodyard,2/23/2023,"Birds held, hunters passed by",0
220260,TTRS,Woodyard,2/23/2023,"Birds held, hunters passed by",0
220257,TTRS,Woodyard,2/23/2023,"Birds held, hunters passed by",0
211217,TTRS,Anders Flat,2/23/2022,"Birds held, hunters passed by",0
217257,TTRS,Anders Flat,2/23/2022,"Birds held, hunters passed by",0
211221,TTRS,Anders Flat,2/23/2022,"Birds held, hunters passed by",0
211224,TTRS,Anders Flat,2/23/2022,"Birds held, hunters passed by",0
200263,TTRS,Anders Flat,2/23/2022,"Birds held, hunters passed by",0
211236,TTRS,Anders Flat,2/23/2022,"Birds held, hunters passed by",0
201308,TTRS,Anders Flat,2/23/2022,"Birds held, hunters passed by",0
211223,TTRS,Anders Flat,2/23/2022,"Birds held, hunters passed by",0
220218,TTRS,Anders Flat,2/23/2022,Not Pointed & Flushed Wild,0
220219,TTRS,Anders Flat,2/23/2022,Not Pointed & Flushed Wild,0
220220,TTRS,Anders Flat,2/23/2022,Not Pointed & Flushed Wild,0
217181,TTRS,Anders Flat,2/23/2022,Not Pointed & Flushed Wild,0
220234,TTRS,Anders Flat,2/23/2022,Not Pointed & Flushed Wild,0
211207,TTRS,Anders Flat,2/23/2022,Not Pointed & Flushed Wild,0
220222,TTRS,Anders Flat,2/23/2022,Pointed & Shot,1
217497,TTRS,Anders Flat,2/23/2022,Pointed & Shot,1
220250,TTRS,Anders Flat,2/23/2022,Pointed & Flushed Wild,0
220251,TTRS,Anders Flat,2/23/2022,Pointed & Flushed Wild,0
220252,TTRS,Anders Flat,2/23/2022,Pointed & Flushed Wild,0
220253,TTRS,Anders Flat,2/23/2022,Pointed & Flushed Wild,0
220257,TTRS,Anders Flat,2/23/2022,Pointed & Flushed Wild,0
220258,TTRS,Anders Flat,2/23/2022,Pointed & Flushed Wild,0
220259,TTRS,Anders Flat,2/23/2022,Pointed & Flushed Wild,0
220260,TTRS,Anders Flat,2/23/2022,Pointed & Flushed Wild,0
220218,TTRS,Anders Flat,2/23/2022,Pointed & Shot,3
220219,TTRS,Anders Flat,2/23/2022,Pointed & Shot,3
220220,TTRS,Anders Flat,2/23/2022,Pointed & Shot,3
217181,TTRS,Anders Flat,2/23/2022,Pointed & Shot,3
220234,TTRS,Anders Flat,2/23/2022,Pointed & Shot,3
211207,TTRS,Anders Flat,2/23/2022,Pointed & Shot,3
211407,TTRS,Buttler,2/26/2022,"Birds held, hunters passed by",0
211429,TTRS,Buttler,2/26/2022,"Birds held, hunters passed by",0
212007,TTRS,Buttler,2/26/2022,"Birds held, hunters passed by",0
212022,TTRS,Buttler,2/26/2022,"Birds held, hunters passed by",0
220417,TTRS,Buttler,2/26/2022,Pointed & Shot,4
220508,TTRS,Buttler,2/26/2022,Pointed & Shot,4
220503,TTRS,Buttler,2/26/2022,Pointed & Shot,4
191433,TTRS,Buttler,2/26/2022,Pointed & Shot,4
220418,TTRS,Buttler,2/26/2022,Pointed & Shot,4
211413,TTRS,Buttler,2/26/2022,"Birds ran, hunters passed by",0
211408,TTRS,Buttler,2/26/2022,"Birds ran, hunters passed by",0
212061,TTRS,Buttler,2/26/2022,"Birds ran, hunters passed by",0
211410,TTRS,Buttler,2/26/2022,"Birds ran, hunters passed by",0
220412,TTRS,Buttler,2/26/2022,"Birds ran, hunters passed by",0
201444,TTRS,Buttler,2/26/2022,"Birds ran, hunters passed by",0
212063,TTRS,Buttler,2/26/2022,"Birds ran, hunters passed by",0
201246,TTRS,Woodyard,3/3/2022,"Birds held, hunters passed by",0
211209,TTRS,Woodyard,3/3/2022,Not Pointed & Flushed Wild,0
220202,TTRS,Woodyard,3/3/2022,Not Pointed & Flushed Wild,0
201010,TTRS,Woodyard,3/3/2022,Not Pointed & Flushed Wild,0
211207,TTRS,Anders Flat,2/25/2022,Pointed & Shot,3
217181,TTRS,Anders Flat,2/25/2022,Pointed & Shot,3
220219,TTRS,Anders Flat,2/25/2022,Pointed & Shot,3
220220,TTRS,Anders Flat,2/25/2022,Pointed & Shot,3
220234,TTRS,Anders Flat,2/25/2022,Pointed & Shot,3
222121,TTRS,Anders Flat,1/23/2023,Not Encountered,0
230261,TTRS,Anders Flat,1/23/2023,Not Encountered,0
220252,TTRS,Anders Flat,1/23/2023,Pointed and Ran,0
220252,TTRS,Anders Flat,1/23/2023,Pointed Wild Flush,0
222234,TTRS,Anders Flat,1/23/2023,Pointed & Shot,1
222236,TTRS,Anders Flat,1/23/2023,Pointed & Shot,1
222233,TTRS,Anders Flat,1/23/2023,Pointed & Shot,1
222237,TTRS,Anders Flat,1/23/2023,Pointed & Shot,1
222238,TTRS,Anders Flat,1/23/2023,Pointed & Shot,1
221228,TTRS,Anders Flat,1/23/2023,Pointed & Shot,1
230299,TTRS,Anders Flat,1/23/2023,Pointed & Shot,2
230270,TTRS,Anders Flat,1/23/2023,Pointed & Shot,2
230274,TTRS,Anders Flat,1/23/2023,Pointed & Shot,2
230272,TTRS,Anders Flat,1/23/2023,Pointed & Shot,2
230269,TTRS,Anders Flat,1/23/2023,Pointed & Shot,2
230273,TTRS,Anders Flat,1/23/2023,Pointed & Shot,2
221249,TTRS,Anders Flat,1/23/2023,Pointed & Shot,2
220222,TTRS,Anders Flat,1/23/2023,Pointed & Shot,4
221279,TTRS,Anders Flat,1/23/2023,Pointed & Shot,4
221280,TTRS,Anders Flat,1/23/2023,Pointed & Shot,4
221277,TTRS,Anders Flat,1/23/2023,Pointed & Shot,4
221275,TTRS,Anders Flat,1/23/2023,Pointed & Shot,4
222129,TTRS,Anders Flat,1/23/2023,Passed and Ran,0
230304,TTRS,Anders Flat,1/23/2023,Passed and Ran,0
230310,TTRS,Anders Flat,1/23/2023,Passed and Ran,0
230306,TTRS,Anders Flat,1/23/2023,Passed and Ran,0
201252,TTRS,Anders Flat,1/23/2023,Not Pointed Wild Flush,0
230225,TTRS,Anders Flat,1/23/2023,Not Pointed Wild Flush,0
222011,TTRS,Tripsacum,1/24/2023,Pointed & Shot,4
222022,TTRS,Tripsacum,1/24/2023,Pointed & Shot,4
222026,TTRS,Tripsacum,1/24/2023,Pointed & Shot,4
221025,TTRS,Tripsacum,1/24/2023,Pointed & Shot,4
221028,TTRS,Tripsacum,1/24/2023,Pointed & Shot,4
222012,TTRS,Tripsacum,1/24/2023,Pointed & Shot,4
220117,TTRS,Tripsacum,1/24/2023,Pointed & Shot,3
230030,TTRS,Tripsacum,1/24/2023,Pointed & Shot,3
220152,TTRS,Tripsacum,1/24/2023,Pointed & Shot,3
230007,TTRS,Tripsacum,1/24/2023,Pointed & Shot,3
230029,TTRS,Tripsacum,1/24/2023,Pointed & Shot,3
221019,TTRS,Tripsacum,1/24/2023,Pointed & Shot,4
221020,TTRS,Tripsacum,1/24/2023,Pointed & Shot,4
221021,TTRS,Tripsacum,1/24/2023,Pointed & Shot,4
221018,TTRS,Tripsacum,1/24/2023,Pointed & Shot,4
221030,TTRS,Tripsacum,1/24/2023,Pointed & Shot,4
220151,TTRS,Tripsacum,1/24/2023,Pointed & Shot,4
221017,TTRS,Tripsacum,1/24/2023,Pointed & Shot,4
230011,TTRS,Tripsacum,1/24/2023,Pointed & Shot,4
220151,TTRS,Tripsacum,1/24/2023,Pointed & Shot,4
201106,TTRS,Tripsacum,1/24/2023,Not Encountered,0
221204,TTRS,Tripsacum,1/24/2023,Not Encountered,0
221203,TTRS,Tripsacum,1/24/2023,Not Encountered,0
221209,TTRS,Tripsacum,1/24/2023,Not Encountered,0
220088,TTRS,Tripsacum,1/24/2023,Not Encountered,0
230213,TTRS,Tripsacum,1/24/2023,Not Encountered,0
221207,TTRS,Tripsacum,1/24/2023,Not Encountered,0
220043,TTRS,Tripsacum,1/24/2023,Not Encountered,0
221206,TTRS,Tripsacum,1/24/2023,Not Encountered,0
221015,TTRS,Beadel,1/26/2023,Pointed & Shot,4
230092,TTRS,Beadel,1/26/2023,Pointed & Shot,4
230089,TTRS,Beadel,1/26/2023,Pointed & Shot,4
220049,TTRS,Beadel,1/26/2023,Pointed & Shot,4
221013,TTRS,Beadel,1/26/2023,Passed and Held,0
211119,TTRS,Beadel,1/26/2023,Passed and Held,0
201037,TTRS,Beadel,1/26/2023,Pointed & Shot,4
230043,TTRS,Beadel,1/26/2023,Passed and Held,0
230019,TTRS,Beadel,1/26/2023,Passed and Held,0
191122,TTRS,Beadel,1/26/2023,Passed and Held,0
230018,TTRS,Beadel,1/26/2023,Passed and Held,0
230020,TTRS,Beadel,1/26/2023,Passed and Held,0
210025,TTRS,Beadel,1/26/2023,Passed and Held,0
230035,TTRS,Beadel,1/26/2023,Pointed & Shot,4
230032,TTRS,Beadel,1/26/2023,Pointed & Shot,4
230033,TTRS,Beadel,1/26/2023,Pointed & Shot,4
230031,TTRS,Beadel,1/26/2023,Pointed & Shot,4
220252,TTRS,Anders Flat,2/2/2023,Pointed & Shot,3
222121,TTRS,Anders Flat,2/2/2023,Pointed & Shot,3
230261,TTRS,Anders Flat,2/2/2023,Pointed & Shot,3
222234,TTRS,Anders Flat,2/2/2023,Pointed & Shot,4
222236,TTRS,Anders Flat,2/2/2023,Pointed & Shot,4
222233,TTRS,Anders Flat,2/2/2023,Pointed & Shot,4
222237,TTRS,Anders Flat,2/2/2023,Pointed & Shot,4
222238,TTRS,Anders Flat,2/2/2023,Pointed & Shot,4
221228,TTRS,Anders Flat,2/2/2023,Pointed & Shot,4
230299,TTRS,Anders Flat,2/2/2023,Not Pointed Wild Flush,0
230270,TTRS,Anders Flat,2/2/2023,Not Pointed Wild Flush,0
230274,TTRS,Anders Flat,2/2/2023,Not Pointed Wild Flush,0
230272,TTRS,Anders Flat,2/2/2023,Not Pointed Wild Flush,0
230269,TTRS,Anders Flat,2/2/2023,Not Pointed Wild Flush,0
230273,TTRS,Anders Flat,2/2/2023,Not Pointed Wild Flush,0
221249,TTRS,Anders Flat,2/2/2023,Not Pointed Wild Flush,0
222234,TTRS,Anders Flat,2/2/2023,Passed and Held,0
222236,TTRS,Anders Flat,2/2/2023,Passed and Held,0
222233,TTRS,Anders Flat,2/2/2023,Passed and Held,0
222237,TTRS,Anders Flat,2/2/2023,Passed and Held,0
222238,TTRS,Anders Flat,2/2/2023,Passed and Held,0
221228,TTRS,Anders Flat,2/2/2023,Passed and Held,0
220222,TTRS,Anders Flat,2/2/2023,Not Pointed Wild Flush,0
221279,TTRS,Anders Flat,2/2/2023,Not Pointed Wild Flush,0
221280,TTRS,Anders Flat,2/2/2023,Not Pointed Wild Flush,0
221277,TTRS,Anders Flat,2/2/2023,Not Pointed Wild Flush,0
221275,TTRS,Anders Flat,2/2/2023,Not Pointed Wild Flush,0
222129,TTRS,Anders Flat,2/2/2023,Pointed Wild Flush,0
230304,TTRS,Anders Flat,2/2/2023,Pointed Wild Flush,0
230310,TTRS,Anders Flat,2/2/2023,Pointed Wild Flush,0
230306,TTRS,Anders Flat,2/2/2023,Pointed Wild Flush,0
222129,TTRS,Anders Flat,2/2/2023,Pointed & Shot,2
230304,TTRS,Anders Flat,2/2/2023,Pointed & Shot,2
230310,TTRS,Anders Flat,2/2/2023,Pointed & Shot,2
230306,TTRS,Anders Flat,2/2/2023,Pointed & Shot,2
201252,TTRS,Anders Flat,2/2/2023,Passed and Held,0
230225,TTRS,Anders Flat,2/2/2023,Passed and Held,0
201252,TTRS,Anders Flat,2/2/2023,Pointed & Shot,4
230225,TTRS,Anders Flat,2/2/2023,Pointed & Shot,4
201037,TTRS,Beadel,2/3/2023,Pointed & Shot,2
211119,TTRS,Beadel,2/3/2023,Pointed Wild Flush,0
221013,TTRS,Beadel,2/3/2023,Pointed Wild Flush,0
221015,TTRS,Beadel,2/3/2023,Pointed Wild Flush,0
230089,TTRS,Beadel,2/3/2023,Pointed Wild Flush,0
230092,TTRS,Beadel,2/3/2023,Pointed Wild Flush,0
230007,TTRS,Beadel,2/3/2023,Pointed & Shot,1
230029,TTRS,Beadel,2/3/2023,Pointed & Shot,1
230007,TTRS,Beadel,2/3/2023,Pointed & Shot,2
230029,TTRS,Beadel,2/3/2023,Pointed & Shot,2
230035,TTRS,Beadel,2/3/2023,Pointed & Shot,1
191122,TTRS,Beadel,2/3/2023,Pointed & Shot,1
210025,TTRS,Beadel,2/3/2023,Pointed & Shot,1
230018,TTRS,Beadel,2/3/2023,Pointed & Shot,1
230019,TTRS,Beadel,2/3/2023,Pointed & Shot,1
230020,TTRS,Beadel,2/3/2023,Pointed & Shot,1
230043,TTRS,Beadel,2/3/2023,Pointed & Shot,1
230018,TTRS,Beadel,2/3/2023,Pointed & Shot,1
201003,TTRS,Beadel,2/3/2023,Not Encountered,0
221009,TTRS,Beadel,2/3/2023,Not Encountered,0
221426,TTRS,Buttler,2/2/2023,Passed and Held,0
221430,TTRS,Buttler,2/2/2023,Passed and Held,0
221427,TTRS,Buttler,2/2/2023,Passed and Held,0
221428,TTRS,Buttler,2/2/2023,Passed and Held,0
230407,TTRS,Buttler,2/2/2023,Passed and Held,0
230442,TTRS,Buttler,2/2/2023,Passed and Held,0
230466,TTRS,Buttler,2/2/2023,Not Encountered ,0
230463,TTRS,Buttler,2/2/2023,Not Encountered ,0
230462,TTRS,Buttler,2/2/2023,Not Encountered ,0
230456,TTRS,Buttler,2/2/2023,Not Encountered ,0
230452,TTRS,Buttler,2/2/2023,Not Encountered ,0
230468,TTRS,Buttler,2/2/2023,Not Encountered ,0
230491,TTRS,Buttler,2/2/2023,Passed and Ran,0
230423,TTRS,Buttler,2/2/2023,Passed and Ran,0
221417,TTRS,Buttler,2/2/2023,Pointed & Shot,2
201444,TTRS,Buttler,2/2/2023,Pointed & Shot,2
221412,TTRS,Buttler,2/2/2023,Pointed & Shot,2
221413,TTRS,Buttler,2/2/2023,Pointed & Shot,2
221420,TTRS,Buttler,2/2/2023,Pointed & Shot,2
221415,TTRS,Buttler,2/2/2023,Pointed & Shot,2
221417,TTRS,Buttler,2/2/2023,Pointed & Shot,1
201444,TTRS,Buttler,2/2/2023,Pointed & Shot,1
221412,TTRS,Buttler,2/2/2023,Pointed & Shot,1
230440,TTRS,Buttler,2/2/2023,Passed and Held,0
230440,TTRS,Buttler,2/2/2023,Pointed Wild Flush,0
230426,TTRS,Buttler,2/2/2023,Not Encountered ,0
230427,TTRS,Buttler,2/2/2023,Not Encountered ,0
230438,TTRS,Buttler,2/2/2023,Not Encountered ,0
221426,TTRS,Buttler,2/9/2023,Passed and Held,0
221430,TTRS,Buttler,2/9/2023,Passed and Held,0
221427,TTRS,Buttler,2/9/2023,Passed and Held,0
230456,TTRS,Buttler,2/9/2023,Passed and Held,0
230463,TTRS,Buttler,2/9/2023,Passed and Held,0
230462,TTRS,Buttler,2/9/2023,Passed and Held,0
230452,TTRS,Buttler,2/9/2023,Passed and Held,0
230466,TTRS,Buttler,2/9/2023,Not Encountered ,0
230468,TTRS,Buttler,2/9/2023,Not Encountered ,0
230491,TTRS,Buttler,2/9/2023,Passed and Held,0
230423,TTRS,Buttler,2/9/2023,Passed and Held,0
230426,TTRS,Buttler,2/9/2023,Not Encountered ,0
230427,TTRS,Buttler,2/9/2023,Not Encountered ,0
230438,TTRS,Buttler,2/9/2023,Not Encountered ,0
221417,TTRS,Buttler,2/9/2023,Pointed & Shot,2
201444,TTRS,Buttler,2/9/2023,Pointed & Shot,2
221412,TTRS,Buttler,2/9/2023,Pointed & Shot,2
221413,TTRS,Buttler,2/9/2023,Pointed & Shot,2
221420,TTRS,Buttler,2/9/2023,Pointed & Shot,2
221415,TTRS,Buttler,2/9/2023,Pointed & Shot,2
230407,TTRS,Buttler,2/9/2023,Pointed & Shot,2
230442,TTRS,Buttler,2/9/2023,Pointed & Shot,2
230440,TTRS,Buttler,2/9/2023,Pointed Wild Flush,0
230691,TTRS,Cypress,2/2/2023,Passed and Held,0
230693,TTRS,Cypress,2/2/2023,Passed and Held,0
230690,TTRS,Cypress,2/2/2023,Passed and Held,0
221627,TTRS,Cypress,2/2/2023,Wild Flush,1
211629,TTRS,Cypress,2/2/2023,Wild Flush,1
221624,TTRS,Cypress,2/2/2023,Wild Flush,1
221629,TTRS,Cypress,2/2/2023,Wild Flush,1
230664,TTRS,Cypress,2/2/2023,Pointed Wild Flush,0
230670,TTRS,Cypress,2/2/2023,Pointed Wild Flush,0
230735,TTRS,Cypress,2/2/2023,Pointed & Shot,3
211439,TTRS,Cypress,2/2/2023,Pointed & Shot,3
230734,TTRS,Cypress,2/2/2023,Pointed & Shot,3
230732,TTRS,Cypress,2/2/2023,Pointed & Shot,3
230466,TTRS,Cypress,2/2/2023,Pointed & Shot,3
230463,TTRS,Cypress,2/2/2023,Pointed & Shot,3
230462,TTRS,Cypress,2/2/2023,Pointed & Shot,3
230456,TTRS,Cypress,2/2/2023,Pointed & Shot,3
230452,TTRS,Cypress,2/2/2023,Pointed & Shot,3
230468,TTRS,Cypress,2/2/2023,Pointed & Shot,2
230735,TTRS,Cypress,2/26/2023,Pointed & Shot,2
211439,TTRS,Cypress,2/26/2023,Pointed & Shot,2
230734,TTRS,Cypress,2/26/2023,Pointed & Shot,2
230732,TTRS,Cypress,2/26/2023,Pointed & Shot,2
230691,TTRS,Cypress,2/26/2023,Passed and Held,0
230693,TTRS,Cypress,2/26/2023,Passed and Held,0
230690,TTRS,Cypress,2/26/2023,Passed and Held,0
221627,TTRS,Cypress,2/26/2023,Pointed and Ran,0
211629,TTRS,Cypress,2/26/2023,Pointed and Ran,0
221624,TTRS,Cypress,2/26/2023,Pointed and Ran,0
221629,TTRS,Cypress,2/26/2023,Pointed and Ran,0
230007,TTRS,Tripsacum,2/9/2023,Passed and Ran,0
230029,TTRS,Tripsacum,2/9/2023,Passed and Ran,0
221019,TTRS,Tripsacum,2/9/2023,Passed and Ran,0
221020,TTRS,Tripsacum,2/9/2023,Passed and Ran,0
221021,TTRS,Tripsacum,2/9/2023,Passed and Ran,0
221017,TTRS,Tripsacum,2/9/2023,Passed and Ran,0
230011,TTRS,Tripsacum,2/9/2023,Passed and Ran,0
221018,TTRS,Tripsacum,2/9/2023,Passed and Ran,0
221030,TTRS,Tripsacum,2/9/2023,Passed and Ran,0
220117,TTRS,Tripsacum,2/9/2023,Wild Flush,0
230030,TTRS,Tripsacum,2/9/2023,Wild Flush,0
220152,TTRS,Tripsacum,2/9/2023,Wild Flush,0
220117,TTRS,Tripsacum,2/9/2023,Pointed Wild Flush,2
230030,TTRS,Tripsacum,2/9/2023,Pointed Wild Flush,2
220152,TTRS,Tripsacum,2/9/2023,Pointed Wild Flush,2
221207,TTRS,Tripsacum,2/9/2023,Pointed Wild Flush,0
220043,TTRS,Tripsacum,2/9/2023,Pointed Wild Flush,0
221206,TTRS,Tripsacum,2/9/2023,Pointed Wild Flush,0
201106,TTRS,Tripsacum,2/9/2023,Pointed Wild Flush,0
221204,TTRS,Tripsacum,2/9/2023,Pointed Wild Flush,0
221209,TTRS,Tripsacum,2/9/2023,Pointed Wild Flush,0
220088,TTRS,Tripsacum,2/9/2023,Pointed Wild Flush,0
230213,TTRS,Tripsacum,2/9/2023,Pointed Wild Flush,0
220043,TTRS,Tripsacum,2/9/2023,Pointed & Shot,2
221206,TTRS,Tripsacum,2/9/2023,Pointed & Shot,2
201106,TTRS,Tripsacum,2/9/2023,Pointed & Shot,2
221204,TTRS,Tripsacum,2/9/2023,Pointed & Shot,2
220088,TTRS,Tripsacum,2/9/2023,Pointed & Shot,2
230213,TTRS,Tripsacum,2/9/2023,Pointed & Shot,2
221209,TTRS,Tripsacum,2/9/2023,Pointed & Shot,2
221207,TTRS,Tripsacum,2/9/2023,Passed and Held,0
230030,TTRS,Tripsacum,2/9/2023,Pointed & Shot,4
222011,TTRS,Tripsacum,2/9/2023,Not Encountered,0
222026,TTRS,Tripsacum,2/9/2023,Not Encountered,0
221028,TTRS,Tripsacum,2/9/2023,Not Encountered,0
222012,TTRS,Tripsacum,2/9/2023,Not Encountered,0
221223,TTRS,Woodyard,2/3/2023,Not Pointed Wild Flush,2
221224,TTRS,Woodyard,2/3/2023,Not Pointed Wild Flush,2
221221,TTRS,Woodyard,2/3/2023,Not Pointed Wild Flush,2
221225,TTRS,Woodyard,2/3/2023,Not Pointed Wild Flush,2
221223,TTRS,Woodyard,2/3/2023,Passed and Ran,0
221224,TTRS,Woodyard,2/3/2023,Passed and Ran,0
221221,TTRS,Woodyard,2/3/2023,Passed and Ran,0
221225,TTRS,Woodyard,2/3/2023,Passed and Ran,0
211209,TTRS,Woodyard,2/3/2023,Not Pointed Wild Flush,0
221223,TTRS,Woodyard,2/3/2023,Passed and Held,0
221224,TTRS,Woodyard,2/3/2023,Passed and Held,0
221221,TTRS,Woodyard,2/3/2023,Passed and Held,0
221225,TTRS,Woodyard,2/3/2023,Passed and Held,0
221286,TTRS,Woodyard,2/3/2023,Not Pointed Wild Flush,0
230252,TTRS,Woodyard,2/3/2023,Not Pointed Wild Flush,0
221284,TTRS,Woodyard,2/3/2023,Not Pointed Wild Flush,0
211209,TTRS,Woodyard,2/6/2023,Not Pointed Wild Flush,0
221223,TTRS,Woodyard,2/17/2023,Not Encountered,0
221224,TTRS,Woodyard,2/17/2023,Not Encountered,0
221221,TTRS,Woodyard,2/17/2023,Not Encountered,0
221225,TTRS,Woodyard,2/17/2023,Not Encountered,0
211209,TTRS,Woodyard,2/17/2023,Passed and Ran,0
211209,TTRS,Woodyard,2/17/2023,Pointed & Shot,4
221228,TTRS,Woodyard,2/17/2023,Not Encountered,0
222234,TTRS,Woodyard,2/17/2023,Not Encountered,0
222233,TTRS,Woodyard,2/17/2023,Not Encountered,0
222238,TTRS,Woodyard,2/17/2023,Not Encountered,0
221279,TTRS,Woodyard,2/17/2023,Pointed & Shot,4
221231,TTRS,Woodyard,2/17/2023,Pointed & Shot,4
221280,TTRS,Woodyard,2/17/2023,Pointed & Shot,4
221277,TTRS,Woodyard,2/17/2023,Pointed & Shot,4
221275,TTRS,Woodyard,2/17/2023,Pointed & Shot,4
221279,TTRS,Woodyard,2/17/2023,Not Pointed Wild Flush,4
221231,TTRS,Woodyard,2/17/2023,Not Pointed Wild Flush,4
221280,TTRS,Woodyard,2/17/2023,Not Pointed Wild Flush,4
221277,TTRS,Woodyard,2/17/2023,Not Pointed Wild Flush,4
222129,TTRS,Woodyard,2/17/2023,Pointed & Shot,2
230304,TTRS,Woodyard,2/17/2023,Pointed & Shot,2
230310,TTRS,Woodyard,2/17/2023,Pointed & Shot,2
230306,TTRS,Woodyard,2/17/2023,Pointed & Shot,2
221286,TTRS,Woodyard,2/17/2023,Pointed & Shot,4
230252,TTRS,Woodyard,2/17/2023,Pointed & Shot,4
221284,TTRS,Woodyard,2/17/2023,Pointed & Shot,4
240025,TTRS,Collins,1/29/2024,Not Encountered,0
230134,TTRS,Collins,1/29/2024,Not Encountered,0
240026,TTRS,Collins,1/29/2024,Not Encountered,0
240028,TTRS,Collins,1/29/2024,Not Encountered,0
231033,TTRS,Collins,1/29/2024,Pointed and Ran,0
240066,TTRS,Collins,1/29/2024,Pointed & Shot,1
240003,TTRS,Collins,1/29/2024,Pointed & Shot,1
240008,TTRS,Collins,1/29/2024,Pointed & Shot,1
240079,TTRS,Collins,1/29/2024,Pointed & Shot,4
240078,TTRS,Collins,1/29/2024,Pointed & Shot,4
240074,TTRS,Collins,1/29/2024,Pointed & Shot,4
210047,TTRS,Collins,1/29/2024,Pointed & Shot,4
240079,TTRS,Collins,1/29/2024,Pointed Wild Flush,0
240078,TTRS,Collins,1/29/2024,Pointed Wild Flush,0
240074,TTRS,Collins,1/29/2024,Pointed Wild Flush,0
210047,TTRS,Collins,1/29/2024,Pointed Wild Flush,0
232035,TTRS,Cypress,1/30/2024,Passed and Held,0
232036,TTRS,Cypress,1/30/2024,Passed and Held,0
230124,TTRS,Cypress,1/30/2024,Passed and Held,0
240657,TTRS,Cypress,1/30/2024,Passed and Held,0
232044,TTRS,Cypress,1/30/2024,Passed and Held,0
230667,TTRS,Cypress,1/30/2024,Passed and Held,0
230643,TTRS,Cypress,1/30/2024,Pointed Wild Flush,0
240635,TTRS,Cypress,1/30/2024,Pointed Wild Flush,0
221626,TTRS,Cypress,1/30/2024,Pointed Wild Flush,0
240634,TTRS,Cypress,1/30/2024,Pointed Wild Flush,0
240612,TTRS,Cypress,1/30/2024,Not Pointed Wild Flush,2
230670,TTRS,Cypress,1/30/2024,Not Pointed Wild Flush,2
231408,TTRS,Cypress,1/30/2024,Not Pointed Wild Flush,2
240612,TTRS,Cypress,1/30/2024,Pointed Wild Flush,2
230670,TTRS,Cypress,1/30/2024,Pointed Wild Flush,2
231408,TTRS,Cypress,1/30/2024,Pointed Wild Flush,2
240612,TTRS,Cypress,1/30/2024,Pointed & Shot,4
230670,TTRS,Cypress,1/30/2024,Pointed & Shot,4
231408,TTRS,Cypress,1/30/2024,Pointed & Shot,4
231408,TTRS,Cypress,1/30/2024,Pointed & Shot,1
232035,TTRS,Cypress,1/30/2024,Pointed & Shot,3
232036,TTRS,Cypress,1/30/2024,Pointed & Shot,3
230124,TTRS,Cypress,1/30/2024,Pointed & Shot,3
240657,TTRS,Cypress,1/30/2024,Pointed & Shot,3
232044,TTRS,Cypress,1/30/2024,Pointed & Shot,3
230667,TTRS,Cypress,1/30/2024,Pointed & Shot,3
232036,TTRS,Cypress,1/30/2024,Pointed & Shot,4
230124,TTRS,Cypress,1/30/2024,Pointed & Shot,4
240657,TTRS,Cypress,1/30/2024,Pointed & Shot,4
232044,TTRS,Cypress,1/30/2024,Pointed & Shot,4
230667,TTRS,Cypress,1/30/2024,Pointed & Shot,4
231630,TTRS,Cypress,1/30/2024,Pointed and Ran,0
230715,TTRS,Cypress,1/30/2024,Pointed and Ran,0
230792,TTRS,Cypress,1/30/2024,Pointed and Ran,0
230634,TTRS,Cypress,1/30/2024,Pointed and Ran,0
231611,TTRS,Cypress,1/30/2024,Pointed and Ran,0
210609,TTRS,Cypress,1/30/2024,Not Encountered,0
240216,TTRS,Hall Island,1/31/2024,Not Pointed Wild Flush,1
240217,TTRS,Hall Island,1/31/2024,Not Pointed Wild Flush,1
240218,TTRS,Hall Island,1/31/2024,Not Pointed Wild Flush,1
231210,TTRS,Hall Island,1/31/2024,Not Pointed Wild Flush,0
240230,TTRS,Hall Island,1/31/2024,Not Pointed Wild Flush,0
230341,TTRS,Hall Island,1/31/2024,Not Pointed Wild Flush,0
240204,TTRS,Hall Island,1/31/2024,Not Pointed Wild Flush,0
240203,TTRS,Hall Island,1/31/2024,Not Pointed Wild Flush,0
240202,TTRS,Hall Island,1/31/2024,Not Pointed Wild Flush,0
240273,TTRS,Hall Island,1/31/2024,Pointed Wild Flush,1
240220,TTRS,Hall Island,1/31/2024,Pointed Wild Flush,1
240274,TTRS,Hall Island,1/31/2024,Pointed Wild Flush,1
240276,TTRS,Hall Island,1/31/2024,Pointed Wild Flush,1
240272,TTRS,Hall Island,1/31/2024,Pointed Wild Flush,1
240275,TTRS,Hall Island,1/31/2024,Pointed Wild Flush,1
240221,TTRS,Hall Island,1/31/2024,Pointed Wild Flush,0
240223,TTRS,Hall Island,1/31/2024,Pointed Wild Flush,0
240219,TTRS,Hall Island,1/31/2024,Pointed Wild Flush,0
240271,TTRS,Hall Island,1/31/2024,Pointed Wild Flush,0
240222,TTRS,Hall Island,1/31/2024,Pointed Wild Flush,0
230363,TTRS,Hall Island,1/31/2024,Passed and Ran,0
240270,TTRS,Hall Island,1/31/2024,Passed and Ran,0
240433,TTRS,Buttler,2/1/2024,Pointed and Ran,0
240434,TTRS,Buttler,2/1/2024,Pointed and Ran,0
240432,TTRS,Buttler,2/1/2024,Pointed and Ran,0
240437,TTRS,Buttler,2/1/2024,Pointed and Ran,0
231418,TTRS,Buttler,2/1/2024,Pointed and Ran,0
220516,TTRS,Buttler,2/1/2024,Pointed and Ran,0
230494,TTRS,Buttler,2/1/2024,Pointed and Ran,0
231420,TTRS,Buttler,2/1/2024,Pointed and Ran,0
240413,TTRS,Buttler,2/1/2024,Pointed and Ran,0
240412,TTRS,Buttler,2/1/2024,Pointed and Ran,0
230532,TTRS,Buttler,2/1/2024,Pointed and Ran,0
230494,TTRS,Buttler,2/1/2024,Pointed & Shot,1
231420,TTRS,Buttler,2/1/2024,Pointed & Shot,1
240413,TTRS,Buttler,2/1/2024,Pointed & Shot,1
240412,TTRS,Buttler,2/1/2024,Pointed & Shot,1
230532,TTRS,Buttler,2/1/2024,Pointed & Shot,1
231419,TTRS,Buttler,2/1/2024,Pointed & Shot,1
232074,TTRS,Buttler,2/1/2024,Pointed & Shot,1
231419,TTRS,Buttler,2/1/2024,Pointed & Shot,2
232074,TTRS,Buttler,2/1/2024,Pointed & Shot,2
240465,TTRS,Buttler,2/1/2024,Pointed & Shot,2
220461,TTRS,Buttler,2/1/2024,Pointed & Shot,2
231404,TTRS,Buttler,2/1/2024,Not Encountered,0
240441,TTRS,Buttler,2/1/2024,Not Encountered,0
240438,TTRS,Buttler,2/1/2024,Not Encountered,0
231406,TTRS,Buttler,2/1/2024,Passed and Held,0
231033,TTRS,Collins,2/6/2024,Not Pointed Wild Flush,0
231033,TTRS,Collins,2/6/2024,Pointed & Shot,3
230081,TTRS,Collins,2/6/2024,Pointed & Shot,3
231011,TTRS,Collins,2/6/2024,Pointed & Shot,3
231015,TTRS,Collins,2/6/2024,Pointed & Shot,3
231014,TTRS,Collins,2/6/2024,Pointed & Shot,3
240078,TTRS,Collins,2/6/2024,Not Pointed Wild Flush,0
210047,TTRS,Collins,2/6/2024,Not Pointed Wild Flush,0
240079,TTRS,Collins,2/6/2024,Not Pointed Wild Flush,0
240074,TTRS,Collins,2/6/2024,Pointed & Shot,4
240025,TTRS,Collins,2/6/2024,Pointed & Shot,4
230134,TTRS,Collins,2/6/2024,Pointed & Shot,4
240026,TTRS,Collins,2/6/2024,Pointed & Shot,4
240028,TTRS,Collins,2/6/2024,Pointed & Shot,4
240066,TTRS,Collins,2/6/2024,Not Pointed Wild Flush,0
240003,TTRS,Collins,2/6/2024,Not Pointed Wild Flush,0
240008,TTRS,Collins,2/6/2024,Not Pointed Wild Flush,0
232085,TTRS,Beadel,2/7/2024,Pointed & Shot,3
231008,TTRS,Beadel,2/7/2024,Pointed & Shot,3
231006,TTRS,Beadel,2/7/2024,Pointed & Shot,3
232085,TTRS,Beadel,2/7/2024,Pointed and Ran,0
231008,TTRS,Beadel,2/7/2024,Pointed and Ran,0
231006,TTRS,Beadel,2/7/2024,Pointed and Ran,0
240046,TTRS,Beadel,2/7/2024,Pointed Wild Flush,0
240047,TTRS,Beadel,2/7/2024,Pointed Wild Flush,0
231021,TTRS,Beadel,2/7/2024,Passed and Ran,0
230071,TTRS,Beadel,2/7/2024,Passed and Ran,0
231017,TTRS,Beadel,2/7/2024,Passed and Ran,0
231020,TTRS,Beadel,2/7/2024,Passed and Ran,0
231024,TTRS,Beadel,2/7/2024,Passed and Ran,0
230081,TTRS,Beadel,2/7/2024,Passed and Held,0
231011,TTRS,Beadel,2/7/2024,Passed and Held,0
231015,TTRS,Beadel,2/7/2024,Passed and Held,0
231014,TTRS,Beadel,2/7/2024,Passed and Held,0
230088,TTRS,Beadel,2/7/2024,Not Pointed Wild Flush,0
240021,TTRS,Beadel,2/7/2024,Not Pointed Wild Flush,0
232036,TTRS,Cypress,2/9/2024,Passed and Held,0
240657,TTRS,Cypress,2/9/2024,Passed and Held,0
240612,TTRS,Cypress,2/9/2024,Passed and Held,0
230667,TTRS,Cypress,2/9/2024,Passed and Held,0
232044,TTRS,Cypress,2/9/2024,Passed and Held,0
230643,TTRS,Cypress,2/9/2024,Passed and Held,0
240635,TTRS,Cypress,2/9/2024,Passed and Held,0
221626,TTRS,Cypress,2/9/2024,Passed and Held,0
210609,TTRS,Cypress,2/9/2024,Not Pointed Wild Flush,0
230670,TTRS,Cypress,2/9/2024,Pointed and Ran,0
230435,TTRS,Cypress,2/9/2024,Pointed and Ran,0
240612,TTRS,Cypress,2/9/2024,Not Pointed Wild Flush,0
210609,TTRS,Cypress,2/16/2024,Passed and Held,0
230643,TTRS,Cypress,2/16/2024,Passed and Held,0
240635,TTRS,Cypress,2/16/2024,Passed and Held,0
221626,TTRS,Cypress,2/16/2024,Passed and Held,0
230670,TTRS,Cypress,2/16/2024,Passed and Ran,0
230435,TTRS,Cypress,2/16/2024,Passed and Ran,0
232036,TTRS,Cypress,2/16/2024,Wild Flush,0
240657,TTRS,Cypress,2/16/2024,Wild Flush,0
230667,TTRS,Cypress,2/16/2024,Wild Flush,0
232044,TTRS,Cypress,2/16/2024,Wild Flush,0
240612,TTRS,Cypress,2/16/2024,Wild Flush,0
240267,TTRS,Hall Island,2/9/2024,Pointed & Shot,1
240265,TTRS,Hall Island,2/9/2024,Pointed & Shot,1
240268,TTRS,Hall Island,2/9/2024,Pointed & Shot,1
240269,TTRS,Hall Island,2/9/2024,Pointed & Shot,1
240266,TTRS,Hall Island,2/9/2024,Pointed & Shot,1
240216,TTRS,Hall Island,2/9/2024,Pointed and Ran,0
240217,TTRS,Hall Island,2/9/2024,Pointed and Ran,0
240218,TTRS,Hall Island,2/9/2024,Pointed and Ran,0
240216,TTRS,Hall Island,2/9/2024,Not Pointed Wild Flush,0
240217,TTRS,Hall Island,2/9/2024,Not Pointed Wild Flush,0
240218,TTRS,Hall Island,2/9/2024,Not Pointed Wild Flush,0
240273,TTRS,Hall Island,2/9/2024,Pointed & Shot,2
240220,TTRS,Hall Island,2/9/2024,Pointed & Shot,2
240274,TTRS,Hall Island,2/9/2024,Pointed & Shot,2
240276,TTRS,Hall Island,2/9/2024,Pointed & Shot,2
240275,TTRS,Hall Island,2/9/2024,Pointed & Shot,2
240221,TTRS,Hall Island,2/9/2024,Pointed and Ran,0
240223,TTRS,Hall Island,2/9/2024,Pointed and Ran,0
240219,TTRS,Hall Island,2/9/2024,Pointed and Ran,0
240271,TTRS,Hall Island,2/9/2024,Pointed and Ran,0
240222,TTRS,Hall Island,2/9/2024,Pointed and Ran,0
240273,TTRS,Hall Island,2/9/2024,Passed and Held,0
240220,TTRS,Hall Island,2/9/2024,Passed and Held,0
240274,TTRS,Hall Island,2/9/2024,Passed and Held,0
240276,TTRS,Hall Island,2/9/2024,Passed and Held,0
240275,TTRS,Hall Island,2/9/2024,Passed and Held,0
240270,TTRS,Hall Island,2/9/2024,Pointed Wild Flush,0
240230,TTRS,Hall Island,2/9/2024,Pointed & Shot,1
230341,TTRS,Hall Island,2/9/2024,Pointed & Shot,1
240204,TTRS,Hall Island,2/9/2024,Pointed & Shot,1
240203,TTRS,Hall Island,2/9/2024,Pointed & Shot,1
240230,TTRS,Hall Island,2/15/2024,Not Pointed Wild Flush,0
240204,TTRS,Hall Island,2/15/2024,Not Pointed Wild Flush,0
240203,TTRS,Hall Island,2/15/2024,Not Pointed Wild Flush,0
240230,TTRS,Hall Island,2/15/2024,Pointed & Shot,1
240204,TTRS,Hall Island,2/15/2024,Pointed & Shot,1
240203,TTRS,Hall Island,2/15/2024,Pointed & Shot,1
240216,TTRS,Hall Island,2/15/2024,Passed and Held,0
240217,TTRS,Hall Island,2/15/2024,Passed and Held,0
240218,TTRS,Hall Island,2/15/2024,Passed and Held,0
240267,TTRS,Hall Island,2/15/2024,Pointed & Shot,3
240265,TTRS,Hall Island,2/15/2024,Pointed & Shot,3
240268,TTRS,Hall Island,2/15/2024,Pointed & Shot,3
240269,TTRS,Hall Island,2/15/2024,Pointed & Shot,3
240266,TTRS,Hall Island,2/15/2024,Pointed & Shot,3
240265,TTRS,Hall Island,2/15/2024,Pointed and Ran,0
240268,TTRS,Hall Island,2/15/2024,Pointed and Ran,0
240269,TTRS,Hall Island,2/15/2024,Pointed and Ran,0
240266,TTRS,Hall Island,2/15/2024,Pointed and Ran,0
240270,TTRS,Hall Island,2/15/2024,Pointed and Ran,0
240221,TTRS,Hall Island,2/15/2024,Pointed Wild Flush,0
240223,TTRS,Hall Island,2/15/2024,Pointed Wild Flush,0
240219,TTRS,Hall Island,2/15/2024,Pointed Wild Flush,0
240222,TTRS,Hall Island,2/15/2024,Pointed Wild Flush,0
240273,TTRS,Hall Island,2/15/2024,Not Pointed Wild Flush,3
240220,TTRS,Hall Island,2/15/2024,Not Pointed Wild Flush,3
240274,TTRS,Hall Island,2/15/2024,Not Pointed Wild Flush,3
240276,TTRS,Hall Island,2/15/2024,Not Pointed Wild Flush,3
240275,TTRS,Hall Island,2/15/2024,Not Pointed Wild Flush,3
231215,TTRS,Hall Island,2/15/2024,Passed and Ran,0
230257,TTRS,Hall Island,2/15/2024,Passed and Ran,0
231213,TTRS,Hall Island,2/15/2024,Passed and Ran,0
230258,TTRS,Hall Island,2/15/2024,Passed and Ran,0
231217,TTRS,Hall Island,2/15/2024,Passed and Ran,0
201217,TTRS,Hall Island,2/15/2024,Passed and Ran,0
222201,TTRS,Hall Island,2/15/2024,Passed and Ran,0
230363,TTRS,Hall Island,2/15/2024,Passed and Ran,0
232085,TTRS,Beadel,2/13/2024,Pointed Wild Flush,0
231008,TTRS,Beadel,2/13/2024,Pointed Wild Flush,0
231006,TTRS,Beadel,2/13/2024,Pointed Wild Flush,0
240046,TTRS,Beadel,2/13/2024,Pointed Wild Flush,0
240047,TTRS,Beadel,2/13/2024,Pointed Wild Flush,0
240046,TTRS,Beadel,2/13/2024,Passed and Held,0
240047,TTRS,Beadel,2/13/2024,Passed and Held,0
230088,TTRS,Beadel,2/13/2024,Not Encountered,0
240021,TTRS,Beadel,2/13/2024,Not Encountered,0
231021,TTRS,Beadel,2/13/2024,Not Encountered,0
230071,TTRS,Beadel,2/13/2024,Not Encountered,0
231017,TTRS,Beadel,2/13/2024,Not Encountered,0
231020,TTRS,Beadel,2/13/2024,Not Encountered,0
231024,TTRS,Beadel,2/13/2024,Not Encountered,0
230081,TTRS,Beadel,2/13/2024,Not Encountered,0
231011,TTRS,Beadel,2/13/2024,Not Encountered,0
231015,TTRS,Beadel,2/13/2024,Not Encountered,0
231014,TTRS,Beadel,2/13/2024,Not Encountered,0
232085,TTRS,Beadel,2/19/2024,Not Pointed Wild Flush,0
231008,TTRS,Beadel,2/19/2024,Not Pointed Wild Flush,0
231006,TTRS,Beadel,2/19/2024,Not Pointed Wild Flush,0
240046,TTRS,Beadel,2/19/2024,Pointed Wild Flush,0
240047,TTRS,Beadel,2/19/2024,Pointed Wild Flush,0
231021,TTRS,Beadel,2/19/2024,Pointed & Shot,2
230071,TTRS,Beadel,2/19/2024,Pointed & Shot,2
231017,TTRS,Beadel,2/19/2024,Pointed & Shot,2
231020,TTRS,Beadel,2/19/2024,Pointed & Shot,2
231024,TTRS,Beadel,2/19/2024,Pointed & Shot,2
230088,TTRS,Beadel,2/19/2024,Pointed & Shot,2
240021,TTRS,Beadel,2/19/2024,Pointed & Shot,2
230088,TTRS,Beadel,2/22/2024,Passed and Ran,0
240021,TTRS,Beadel,2/22/2024,Passed and Ran,0
240046,TTRS,Beadel,2/22/2024,Pointed and Ran,0
240047,TTRS,Beadel,2/22/2024,Pointed and Ran,0
240046,TTRS,Beadel,2/22/2024,Not Pointed Wild Flush,3
240047,TTRS,Beadel,2/22/2024,Not Pointed Wild Flush,3
240046,TTRS,Beadel,2/22/2024,Pointed & Shot,2
240047,TTRS,Beadel,2/22/2024,Pointed & Shot,2
232085,TTRS,Beadel,2/22/2024,Pointed and Ran,0
231008,TTRS,Beadel,2/22/2024,Pointed and Ran,0
231006,TTRS,Beadel,2/22/2024,Pointed and Ran,0
232085,TTRS,Beadel,2/22/2024,Not Pointed Wild Flush,0
231008,TTRS,Beadel,2/22/2024,Not Pointed Wild Flush,0
231006,TTRS,Beadel,2/22/2024,Not Pointed Wild Flush,0
231021,TTRS,Beadel,2/22/2024,Pointed & Shot,4
230071,TTRS,Beadel,2/22/2024,Pointed & Shot,4
231017,TTRS,Beadel,2/22/2024,Pointed & Shot,4
231020,TTRS,Beadel,2/22/2024,Pointed & Shot,4
231024,TTRS,Beadel,2/22/2024,Pointed & Shot,4
240407,TTRS,Buttler,2/13/2024,Pointed and Ran,0
221420,TTRS,Buttler,2/13/2024,Pointed and Ran,0
231413,TTRS,Buttler,2/13/2024,Pointed and Ran,0
240433,TTRS,Buttler,2/13/2024,Pointed and Ran,0
240434,TTRS,Buttler,2/13/2024,Pointed and Ran,0
240432,TTRS,Buttler,2/13/2024,Pointed and Ran,0
240437,TTRS,Buttler,2/13/2024,Pointed and Ran,0
231418,TTRS,Buttler,2/13/2024,Pointed and Ran,0
220516,TTRS,Buttler,2/13/2024,Pointed and Ran,0
240433,TTRS,Buttler,2/13/2024,Pointed & Shot,4
240434,TTRS,Buttler,2/13/2024,Pointed & Shot,4
240432,TTRS,Buttler,2/13/2024,Pointed & Shot,4
240437,TTRS,Buttler,2/13/2024,Pointed & Shot,4
231418,TTRS,Buttler,2/13/2024,Pointed & Shot,4
220516,TTRS,Buttler,2/13/2024,Pointed & Shot,4
240414,TTRS,Buttler,2/13/2024,Passed and Held,0
231435,TTRS,Buttler,2/13/2024,Passed and Held,0
231436,TTRS,Buttler,2/13/2024,Passed and Held,0
231439,TTRS,Buttler,2/13/2024,Passed and Held,0
231434,TTRS,Buttler,2/13/2024,Passed and Held,0
231423,TTRS,Buttler,2/13/2024,Passed and Held,0
240402,TTRS,Buttler,2/13/2024,Passed and Held,0
240465,TTRS,Buttler,2/13/2024,Wild Flush,0
220461,TTRS,Buttler,2/13/2024,Wild Flush,0
240465,TTRS,Buttler,2/13/2024,Pointed and Ran,0
220461,TTRS,Buttler,2/13/2024,Pointed and Ran,0
231420,TTRS,Buttler,2/13/2024,Pointed & Shot,2
240412,TTRS,Buttler,2/13/2024,Pointed & Shot,2
230494,TTRS,Buttler,2/13/2024,Pointed & Shot,2
230532,TTRS,Buttler,2/13/2024,Pointed & Shot,2
240407,TTRS,Buttler,2/29/2024,Pointed & Shot,4
221420,TTRS,Buttler,2/29/2024,Pointed & Shot,4
231413,TTRS,Buttler,2/29/2024,Pointed & Shot,4
240433,TTRS,Buttler,2/29/2024,Pointed & Shot,1
240434,TTRS,Buttler,2/29/2024,Pointed & Shot,1
240432,TTRS,Buttler,2/29/2024,Pointed & Shot,1
240437,TTRS,Buttler,2/29/2024,Pointed & Shot,1
231418,TTRS,Buttler,2/29/2024,Pointed & Shot,1
220516,TTRS,Buttler,2/29/2024,Pointed & Shot,1
240483,TTRS,Buttler,2/29/2024,Pointed Wild Flush,0
240443,TTRS,Buttler,2/29/2024,Pointed Wild Flush,0
220448,TTRS,Buttler,2/29/2024,Pointed Wild Flush,0
231431,TTRS,Buttler,2/29/2024,Pointed Wild Flush,0
231430,TTRS,Buttler,2/29/2024,Pointed Wild Flush,0
230530,TTRS,Buttler,2/29/2024,Pointed Wild Flush,0
231420,TTRS,Buttler,2/29/2024,Pointed & Shot,4
240412,TTRS,Buttler,2/29/2024,Pointed & Shot,4
230494,TTRS,Buttler,2/29/2024,Pointed & Shot,4
230532,TTRS,Buttler,2/29/2024,Pointed & Shot,4
231033,TTRS,Collins,2/15/2024,Not Pointed Wild Flush,0
240066,TTRS,Collins,2/15/2024,Pointed & Shot,6
240003,TTRS,Collins,2/15/2024,Pointed & Shot,6
240008,TTRS,Collins,2/15/2024,Pointed & Shot,6
240025,TTRS,Collins,2/15/2024,Pointed & Shot,5
240026,TTRS,Collins,2/15/2024,Pointed & Shot,5
240028,TTRS,Collins,2/15/2024,Pointed & Shot,5
240078,TTRS,Collins,2/15/2024,Pointed & Shot,5
210047,TTRS,Collins,2/15/2024,Pointed & Shot,5
240079,TTRS,Collins,2/15/2024,Pointed & Shot,5
240074,TTRS,Collins,2/15/2024,Passed and Ran,0
230081,TTRS,Collins,2/15/2024,Pointed and Ran,0
231011,TTRS,Collins,2/15/2024,Pointed and Ran,0
231015,TTRS,Collins,2/15/2024,Pointed and Ran,0
231014,TTRS,Collins,2/15/2024,Pointed and Ran,0
240025,TTRS,Collins,2/20/2024,Pointed & Shot,1
240028,TTRS,Collins,2/20/2024,Pointed & Shot,1
210047,TTRS,Collins,2/20/2024,Pointed & Shot,1
240066,TTRS,Collins,2/20/2024,Pointed and Ran,0
240003,TTRS,Collins,2/20/2024,Pointed and Ran,0
240008,TTRS,Collins,2/20/2024,Pointed and Ran,0
240026,TTRS,Collins,2/20/2024,Not Encountered,0
240078,TTRS,Collins,2/20/2024,Not Encountered,0
240074,TTRS,Collins,2/20/2024,Passed and Held,0
230081,TTRS,Collins,2/20/2024,Pointed and Ran,0
231011,TTRS,Collins,2/20/2024,Pointed and Ran,0
231015,TTRS,Collins,2/20/2024,Pointed and Ran,0
231014,TTRS,Collins,2/20/2024,Pointed and Ran,0
231033,TTRS,Collins,2/20/2024,Pointed & Shot,4
